file,line,type,commit,author,date,time,timezone,datetime,depth,length
main.js,1,js,9c15fe8,Sujal Sirimilla,2026-05-07,17:54:22,-07:00,2026-05-07T17:54:22-07:00,0,61
main.js,2,js,9c15fe8,Sujal Sirimilla,2026-05-07,17:54:22,-07:00,2026-05-07T17:54:22-07:00,0,0
main.js,3,js,9c15fe8,Sujal Sirimilla,2026-05-07,17:54:22,-07:00,2026-05-07T17:54:22-07:00,0,23
main.js,4,js,9c15fe8,Sujal Sirimilla,2026-05-07,17:54:22,-07:00,2026-05-07T17:54:22-07:00,0,44
main.js,5,js,9c15fe8,Sujal Sirimilla,2026-05-07,17:54:22,-07:00,2026-05-07T17:54:22-07:00,1,3
main.js,6,js,00000000,Not Committed Yet,2026-05-08,22:49:54,-07:00,2026-05-08T22:49:54-07:00,1,40
main.js,7,js,9c15fe8,Sujal Sirimilla,2026-05-07,17:54:22,-07:00,2026-05-07T17:54:22-07:00,1,21
main.js,8,js,9c15fe8,Sujal Sirimilla,2026-05-07,17:54:22,-07:00,2026-05-07T17:54:22-07:00,1,23
main.js,9,js,9c15fe8,Sujal Sirimilla,2026-05-07,17:54:22,-07:00,2026-05-07T17:54:22-07:00,1,47
main.js,10,js,9c15fe8,Sujal Sirimilla,2026-05-07,17:54:22,-07:00,2026-05-07T17:54:22-07:00,1,29
main.js,11,js,9c15fe8,Sujal Sirimilla,2026-05-07,17:54:22,-07:00,2026-05-07T17:54:22-07:00,0,0
main.js,12,js,9c15fe8,Sujal Sirimilla,2026-05-07,17:54:22,-07:00,2026-05-07T17:54:22-07:00,0,0
main.js,13,js,9c15fe8,Sujal Sirimilla,2026-05-07,17:54:22,-07:00,2026-05-07T17:54:22-07:00,0,8
main.js,14,js,9c15fe8,Sujal Sirimilla,2026-05-07,17:54:22,-07:00,2026-05-07T17:54:22-07:00,0,0
main.js,15,js,9c15fe8,Sujal Sirimilla,2026-05-07,17:54:22,-07:00,2026-05-07T17:54:22-07:00,0,0
main.js,16,js,9c15fe8,Sujal Sirimilla,2026-05-07,17:54:22,-07:00,2026-05-07T17:54:22-07:00,0,27
main.js,17,js,9c15fe8,Sujal Sirimilla,2026-05-07,17:54:22,-07:00,2026-05-07T17:54:22-07:00,0,5
main.js,18,js,9c15fe8,Sujal Sirimilla,2026-05-07,17:54:22,-07:00,2026-05-07T17:54:22-07:00,1,26
main.js,19,js,9c15fe8,Sujal Sirimilla,2026-05-07,17:54:22,-07:00,2026-05-07T17:54:22-07:00,1,23
main.js,20,js,9c15fe8,Sujal Sirimilla,2026-05-07,17:54:22,-07:00,2026-05-07T17:54:22-07:00,0,0
main.js,21,js,9c15fe8,Sujal Sirimilla,2026-05-07,17:54:22,-07:00,2026-05-07T17:54:22-07:00,1,17
main.js,22,js,9c15fe8,Sujal Sirimilla,2026-05-07,17:54:22,-07:00,2026-05-07T17:54:22-07:00,0,0
main.js,23,js,9c15fe8,Sujal Sirimilla,2026-05-07,17:54:22,-07:00,2026-05-07T17:54:22-07:00,1,51
main.js,24,js,9c15fe8,Sujal Sirimilla,2026-05-07,17:54:22,-07:00,2026-05-07T17:54:22-07:00,0,0
main.js,25,js,9c15fe8,Sujal Sirimilla,2026-05-07,17:54:22,-07:00,2026-05-07T17:54:22-07:00,1,7
main.js,26,js,9c15fe8,Sujal Sirimilla,2026-05-07,17:54:22,-07:00,2026-05-07T17:54:22-07:00,2,7
main.js,27,js,9c15fe8,Sujal Sirimilla,2026-05-07,17:54:22,-07:00,2026-05-07T17:54:22-07:00,0,0
main.js,28,js,9c15fe8,Sujal Sirimilla,2026-05-07,17:54:22,-07:00,2026-05-07T17:54:22-07:00,2,0
main.js,29,js,31c03e29,Sujal Sirimilla,2026-05-07,17:58:47,-07:00,2026-05-07T17:58:47-07:00,2,42
main.js,30,js,9c15fe8,Sujal Sirimilla,2026-05-07,17:54:22,-07:00,2026-05-07T17:54:22-07:00,2,3
main.js,31,js,9c15fe8,Sujal Sirimilla,2026-05-07,17:54:22,-07:00,2026-05-07T17:54:22-07:00,0,0
main.js,32,js,9c15fe8,Sujal Sirimilla,2026-05-07,17:54:22,-07:00,2026-05-07T17:54:22-07:00,2,3
main.js,33,js,9c15fe8,Sujal Sirimilla,2026-05-07,17:54:22,-07:00,2026-05-07T17:54:22-07:00,2,1
main.js,34,js,9c15fe8,Sujal Sirimilla,2026-05-07,17:54:22,-07:00,2026-05-07T17:54:22-07:00,2,1
main.js,35,js,9c15fe8,Sujal Sirimilla,2026-05-07,17:54:22,-07:00,2026-05-07T17:54:22-07:00,2,5
main.js,36,js,9c15fe8,Sujal Sirimilla,2026-05-07,17:54:22,-07:00,2026-05-07T17:54:22-07:00,2,5
main.js,37,js,9c15fe8,Sujal Sirimilla,2026-05-07,17:54:22,-07:00,2026-05-07T17:54:22-07:00,0,0
main.js,38,js,9c15fe8,Sujal Sirimilla,2026-05-07,17:54:22,-07:00,2026-05-07T17:54:22-07:00,2,5
main.js,39,js,9c15fe8,Sujal Sirimilla,2026-05-07,17:54:22,-07:00,2026-05-07T17:54:22-07:00,2,17
main.js,40,js,9c15fe8,Sujal Sirimilla,2026-05-07,17:54:22,-07:00,2026-05-07T17:54:22-07:00,2,23
main.js,41,js,9c15fe8,Sujal Sirimilla,2026-05-07,17:54:22,-07:00,2026-05-07T17:54:22-07:00,0,0
main.js,42,js,9c15fe8,Sujal Sirimilla,2026-05-07,17:54:22,-07:00,2026-05-07T17:54:22-07:00,2,21
main.js,43,js,9c15fe8,Sujal Sirimilla,2026-05-07,17:54:22,-07:00,2026-05-07T17:54:22-07:00,1,0
main.js,44,js,9c15fe8,Sujal Sirimilla,2026-05-07,17:54:22,-07:00,2026-05-07T17:54:22-07:00,0,0
main.js,45,js,9c15fe8,Sujal Sirimilla,2026-05-07,17:54:22,-07:00,2026-05-07T17:54:22-07:00,1,33
main.js,46,js,9c15fe8,Sujal Sirimilla,2026-05-07,17:54:22,-07:00,2026-05-07T17:54:22-07:00,2,9
main.js,47,js,9c15fe8,Sujal Sirimilla,2026-05-07,17:54:22,-07:00,2026-05-07T17:54:22-07:00,2,12
main.js,48,js,9c15fe8,Sujal Sirimilla,2026-05-07,17:54:22,-07:00,2026-05-07T17:54:22-07:00,2,16
main.js,49,js,9c15fe8,Sujal Sirimilla,2026-05-07,17:54:22,-07:00,2026-05-07T17:54:22-07:00,2,14
main.js,50,js,9c15fe8,Sujal Sirimilla,2026-05-07,17:54:22,-07:00,2026-05-07T17:54:22-07:00,1,0
main.js,51,js,9c15fe8,Sujal Sirimilla,2026-05-07,17:54:22,-07:00,2026-05-07T17:54:22-07:00,0,0
main.js,52,js,9c15fe8,Sujal Sirimilla,2026-05-07,17:54:22,-07:00,2026-05-07T17:54:22-07:00,1,7
main.js,53,js,9c15fe8,Sujal Sirimilla,2026-05-07,17:54:22,-07:00,2026-05-07T17:54:22-07:00,1,0
main.js,54,js,9c15fe8,Sujal Sirimilla,2026-05-07,17:54:22,-07:00,2026-05-07T17:54:22-07:00,0,0
main.js,55,js,9c15fe8,Sujal Sirimilla,2026-05-07,17:54:22,-07:00,2026-05-07T17:54:22-07:00,0,0
main.js,56,js,00000000,Not Committed Yet,2026-05-08,22:49:54,-07:00,2026-05-08T22:49:54-07:00,0,38
main.js,57,js,00000000,Not Committed Yet,2026-05-08,22:49:54,-07:00,2026-05-08T22:49:54-07:00,0,0
main.js,58,js,00000000,Not Committed Yet,2026-05-08,22:49:54,-07:00,2026-05-08T22:49:54-07:00,0,9
main.js,59,js,00000000,Not Committed Yet,2026-05-08,22:49:54,-07:00,2026-05-08T22:49:54-07:00,1,13
main.js,60,js,00000000,Not Committed Yet,2026-05-08,22:49:54,-07:00,2026-05-08T22:49:54-07:00,1,9
main.js,61,js,00000000,Not Committed Yet,2026-05-08,22:49:54,-07:00,2026-05-08T22:49:54-07:00,1,20
main.js,62,js,00000000,Not Committed Yet,2026-05-08,22:49:54,-07:00,2026-05-08T22:49:54-07:00,0,0
main.js,63,js,00000000,Not Committed Yet,2026-05-08,22:49:54,-07:00,2026-05-08T22:49:54-07:00,0,8
main.js,64,js,00000000,Not Committed Yet,2026-05-08,22:49:54,-07:00,2026-05-08T22:49:54-07:00,0,11
main.js,65,js,00000000,Not Committed Yet,2026-05-08,22:49:54,-07:00,2026-05-08T22:49:54-07:00,1,50
main.js,66,js,00000000,Not Committed Yet,2026-05-08,22:49:54,-07:00,2026-05-08T22:49:54-07:00,0,0
main.js,67,js,00000000,Not Committed Yet,2026-05-08,22:49:54,-07:00,2026-05-08T22:49:54-07:00,0,11
main.js,68,js,00000000,Not Committed Yet,2026-05-08,22:49:54,-07:00,2026-05-08T22:49:54-07:00,1,15
main.js,69,js,00000000,Not Committed Yet,2026-05-08,22:49:54,-07:00,2026-05-08T22:49:54-07:00,0,0
main.js,70,js,00000000,Not Committed Yet,2026-05-08,22:49:54,-07:00,2026-05-08T22:49:54-07:00,0,12
main.js,71,js,00000000,Not Committed Yet,2026-05-08,22:49:54,-07:00,2026-05-08T22:49:54-07:00,0,11
main.js,72,js,00000000,Not Committed Yet,2026-05-08,22:49:54,-07:00,2026-05-08T22:49:54-07:00,1,19
main.js,73,js,00000000,Not Committed Yet,2026-05-08,22:49:54,-07:00,2026-05-08T22:49:54-07:00,0,0
main.js,74,js,00000000,Not Committed Yet,2026-05-08,22:49:54,-07:00,2026-05-08T22:49:54-07:00,0,11
main.js,75,js,00000000,Not Committed Yet,2026-05-08,22:49:54,-07:00,2026-05-08T22:49:54-07:00,1,18
main.js,76,js,00000000,Not Committed Yet,2026-05-08,22:49:54,-07:00,2026-05-08T22:49:54-07:00,0,0
main.js,77,js,00000000,Not Committed Yet,2026-05-08,22:49:54,-07:00,2026-05-08T22:49:54-07:00,0,14
main.js,78,js,00000000,Not Committed Yet,2026-05-08,22:49:54,-07:00,2026-05-08T22:49:54-07:00,0,11
main.js,79,js,00000000,Not Committed Yet,2026-05-08,22:49:54,-07:00,2026-05-08T22:49:54-07:00,1,21
main.js,80,js,00000000,Not Committed Yet,2026-05-08,22:49:54,-07:00,2026-05-08T22:49:54-07:00,0,0
main.js,81,js,00000000,Not Committed Yet,2026-05-08,22:49:54,-07:00,2026-05-08T22:49:54-07:00,0,11
main.js,82,js,00000000,Not Committed Yet,2026-05-08,22:49:54,-07:00,2026-05-08T22:49:54-07:00,1,36
main.js,83,js,00000000,Not Committed Yet,2026-05-08,22:49:54,-07:00,2026-05-08T22:49:54-07:00,0,0
main.js,84,js,00000000,Not Committed Yet,2026-05-08,22:49:54,-07:00,2026-05-08T22:49:54-07:00,0,18
main.js,85,js,00000000,Not Committed Yet,2026-05-08,22:49:54,-07:00,2026-05-08T22:49:54-07:00,0,11
main.js,86,js,00000000,Not Committed Yet,2026-05-08,22:49:54,-07:00,2026-05-08T22:49:54-07:00,1,25
main.js,87,js,00000000,Not Committed Yet,2026-05-08,22:49:54,-07:00,2026-05-08T22:49:54-07:00,0,0
main.js,88,js,00000000,Not Committed Yet,2026-05-08,22:49:54,-07:00,2026-05-08T22:49:54-07:00,0,11
main.js,89,js,00000000,Not Committed Yet,2026-05-08,22:49:54,-07:00,2026-05-08T22:49:54-07:00,1,2
main.js,90,js,00000000,Not Committed Yet,2026-05-08,22:49:54,-07:00,2026-05-08T22:49:54-07:00,1,35
main.js,91,js,00000000,Not Committed Yet,2026-05-08,22:49:54,-07:00,2026-05-08T22:49:54-07:00,1,0
main.js,92,js,00000000,Not Committed Yet,2026-05-08,22:49:54,-07:00,2026-05-08T22:49:54-07:00,0,0
main.js,93,js,00000000,Not Committed Yet,2026-05-08,22:49:54,-07:00,2026-05-08T22:49:54-07:00,0,12
main.js,94,js,00000000,Not Committed Yet,2026-05-08,22:49:54,-07:00,2026-05-08T22:49:54-07:00,0,11
main.js,95,js,00000000,Not Committed Yet,2026-05-08,22:49:54,-07:00,2026-05-08T22:49:54-07:00,1,19
main.js,96,js,00000000,Not Committed Yet,2026-05-08,22:49:54,-07:00,2026-05-08T22:49:54-07:00,0,0
main.js,97,js,00000000,Not Committed Yet,2026-05-08,22:49:54,-07:00,2026-05-08T22:49:54-07:00,0,11
main.js,98,js,00000000,Not Committed Yet,2026-05-08,22:49:54,-07:00,2026-05-08T22:49:54-07:00,1,2
main.js,99,js,00000000,Not Committed Yet,2026-05-08,22:49:54,-07:00,2026-05-08T22:49:54-07:00,1,22
main.js,100,js,00000000,Not Committed Yet,2026-05-08,22:49:54,-07:00,2026-05-08T22:49:54-07:00,1,0
main.js,101,js,00000000,Not Committed Yet,2026-05-08,22:49:54,-07:00,2026-05-08T22:49:54-07:00,0,0
main.js,102,js,00000000,Not Committed Yet,2026-05-08,22:49:54,-07:00,2026-05-08T22:49:54-07:00,0,11
main.js,103,js,00000000,Not Committed Yet,2026-05-08,22:49:54,-07:00,2026-05-08T22:49:54-07:00,0,11
main.js,104,js,00000000,Not Committed Yet,2026-05-08,22:49:54,-07:00,2026-05-08T22:49:54-07:00,1,18
main.js,105,js,00000000,Not Committed Yet,2026-05-08,22:49:54,-07:00,2026-05-08T22:49:54-07:00,0,0
main.js,106,js,00000000,Not Committed Yet,2026-05-08,22:49:54,-07:00,2026-05-08T22:49:54-07:00,0,11
main.js,107,js,00000000,Not Committed Yet,2026-05-08,22:49:54,-07:00,2026-05-08T22:49:54-07:00,1,2
main.js,108,js,00000000,Not Committed Yet,2026-05-08,22:49:54,-07:00,2026-05-08T22:49:54-07:00,1,23
main.js,109,js,00000000,Not Committed Yet,2026-05-08,22:49:54,-07:00,2026-05-08T22:49:54-07:00,1,0
main.js,110,js,00000000,Not Committed Yet,2026-05-08,22:49:54,-07:00,2026-05-08T22:49:54-07:00,0,0
main.js,111,js,00000000,Not Committed Yet,2026-05-08,22:49:54,-07:00,2026-05-08T22:49:54-07:00,0,22
main.js,112,js,00000000,Not Committed Yet,2026-05-08,22:49:54,-07:00,2026-05-08T22:49:54-07:00,0,28
main.js,113,js,00000000,Not Committed Yet,2026-05-08,22:49:54,-07:00,2026-05-08T22:49:54-07:00,1,1
main.js,114,js,00000000,Not Committed Yet,2026-05-08,22:49:54,-07:00,2026-05-08T22:49:54-07:00,1,10
main.js,115,js,00000000,Not Committed Yet,2026-05-08,22:49:54,-07:00,2026-05-08T22:49:54-07:00,1,0
main.js,116,js,00000000,Not Committed Yet,2026-05-08,22:49:54,-07:00,2026-05-08T22:49:54-07:00,1,32
main.js,117,js,00000000,Not Committed Yet,2026-05-08,22:49:54,-07:00,2026-05-08T22:49:54-07:00,2,1
main.js,118,js,00000000,Not Committed Yet,2026-05-08,22:49:54,-07:00,2026-05-08T22:49:54-07:00,2,18
main.js,119,js,00000000,Not Committed Yet,2026-05-08,22:49:54,-07:00,2026-05-08T22:49:54-07:00,1,0
main.js,120,js,00000000,Not Committed Yet,2026-05-08,22:49:54,-07:00,2026-05-08T22:49:54-07:00,0,0
main.js,121,js,00000000,Not Committed Yet,2026-05-08,22:49:54,-07:00,2026-05-08T22:49:54-07:00,0,0
main.js,122,js,00000000,Not Committed Yet,2026-05-08,22:49:54,-07:00,2026-05-08T22:49:54-07:00,0,13
main.js,123,js,00000000,Not Committed Yet,2026-05-08,22:49:54,-07:00,2026-05-08T22:49:54-07:00,1,38
main.js,124,js,00000000,Not Committed Yet,2026-05-08,22:49:54,-07:00,2026-05-08T22:49:54-07:00,0,0
main.js,125,js,00000000,Not Committed Yet,2026-05-08,22:49:54,-07:00,2026-05-08T22:49:54-07:00,0,11
main.js,126,js,00000000,Not Committed Yet,2026-05-08,22:49:54,-07:00,2026-05-08T22:49:54-07:00,1,22
main.js,127,js,00000000,Not Committed Yet,2026-05-08,22:49:54,-07:00,2026-05-08T22:49:54-07:00,0,0
main.js,128,js,00000000,Not Committed Yet,2026-05-08,22:49:54,-07:00,2026-05-08T22:49:54-07:00,0,11
main.js,129,js,00000000,Not Committed Yet,2026-05-08,22:49:54,-07:00,2026-05-08T22:49:54-07:00,1,13
main.js,130,js,00000000,Not Committed Yet,2026-05-08,22:49:54,-07:00,2026-05-08T22:49:54-07:00,0,0
main.js,131,js,00000000,Not Committed Yet,2026-05-08,22:49:54,-07:00,2026-05-08T22:49:54-07:00,0,0
main.js,132,js,00000000,Not Committed Yet,2026-05-08,22:49:54,-07:00,2026-05-08T22:49:54-07:00,0,39
main.js,133,js,00000000,Not Committed Yet,2026-05-08,22:49:54,-07:00,2026-05-08T22:49:54-07:00,0,0
main.js,134,js,00000000,Not Committed Yet,2026-05-08,22:49:54,-07:00,2026-05-08T22:49:54-07:00,0,15
main.js,135,js,00000000,Not Committed Yet,2026-05-08,22:49:54,-07:00,2026-05-08T22:49:54-07:00,0,15
main.js,136,js,00000000,Not Committed Yet,2026-05-08,22:49:54,-07:00,2026-05-08T22:49:54-07:00,0,0
main.js,137,js,00000000,Not Committed Yet,2026-05-08,22:49:54,-07:00,2026-05-08T22:49:54-07:00,0,12
main.js,138,js,00000000,Not Committed Yet,2026-05-08,22:49:54,-07:00,2026-05-08T22:49:54-07:00,1,4
main.js,139,js,00000000,Not Committed Yet,2026-05-08,22:49:54,-07:00,2026-05-08T22:49:54-07:00,1,6
main.js,140,js,00000000,Not Committed Yet,2026-05-08,22:49:54,-07:00,2026-05-08T22:49:54-07:00,1,7
main.js,141,js,00000000,Not Committed Yet,2026-05-08,22:49:54,-07:00,2026-05-08T22:49:54-07:00,1,5
main.js,142,js,00000000,Not Committed Yet,2026-05-08,22:49:54,-07:00,2026-05-08T22:49:54-07:00,0,0
main.js,143,js,00000000,Not Committed Yet,2026-05-08,22:49:54,-07:00,2026-05-08T22:49:54-07:00,0,0
main.js,144,js,00000000,Not Committed Yet,2026-05-08,22:49:54,-07:00,2026-05-08T22:49:54-07:00,0,16
main.js,145,js,00000000,Not Committed Yet,2026-05-08,22:49:54,-07:00,2026-05-08T22:49:54-07:00,1,12
main.js,146,js,00000000,Not Committed Yet,2026-05-08,22:49:54,-07:00,2026-05-08T22:49:54-07:00,1,24
main.js,147,js,00000000,Not Committed Yet,2026-05-08,22:49:54,-07:00,2026-05-08T22:49:54-07:00,1,27
main.js,148,js,00000000,Not Committed Yet,2026-05-08,22:49:54,-07:00,2026-05-08T22:49:54-07:00,1,14
main.js,149,js,00000000,Not Committed Yet,2026-05-08,22:49:54,-07:00,2026-05-08T22:49:54-07:00,1,38
main.js,150,js,00000000,Not Committed Yet,2026-05-08,22:49:54,-07:00,2026-05-08T22:49:54-07:00,1,40
main.js,151,js,00000000,Not Committed Yet,2026-05-08,22:49:54,-07:00,2026-05-08T22:49:54-07:00,0,0
main.js,152,js,00000000,Not Committed Yet,2026-05-08,22:49:54,-07:00,2026-05-08T22:49:54-07:00,0,0
main.js,153,js,00000000,Not Committed Yet,2026-05-08,22:49:54,-07:00,2026-05-08T22:49:54-07:00,0,10
main.js,154,js,00000000,Not Committed Yet,2026-05-08,22:49:54,-07:00,2026-05-08T22:49:54-07:00,1,13
main.js,155,js,00000000,Not Committed Yet,2026-05-08,22:49:54,-07:00,2026-05-08T22:49:54-07:00,1,10
main.js,156,js,00000000,Not Committed Yet,2026-05-08,22:49:54,-07:00,2026-05-08T22:49:54-07:00,1,38
main.js,157,js,00000000,Not Committed Yet,2026-05-08,22:49:54,-07:00,2026-05-08T22:49:54-07:00,1,26
main.js,158,js,00000000,Not Committed Yet,2026-05-08,22:49:54,-07:00,2026-05-08T22:49:54-07:00,0,0
main.js,159,js,00000000,Not Committed Yet,2026-05-08,22:49:54,-07:00,2026-05-08T22:49:54-07:00,0,6
main.js,160,js,00000000,Not Committed Yet,2026-05-08,22:49:54,-07:00,2026-05-08T22:49:54-07:00,0,13
main.js,161,js,00000000,Not Committed Yet,2026-05-08,22:49:54,-07:00,2026-05-08T22:49:54-07:00,1,8
main.js,162,js,00000000,Not Committed Yet,2026-05-08,22:49:54,-07:00,2026-05-08T22:49:54-07:00,1,4
main.js,163,js,00000000,Not Committed Yet,2026-05-08,22:49:54,-07:00,2026-05-08T22:49:54-07:00,1,31
main.js,164,js,00000000,Not Committed Yet,2026-05-08,22:49:54,-07:00,2026-05-08T22:49:54-07:00,1,0
main.js,165,js,00000000,Not Committed Yet,2026-05-08,22:49:54,-07:00,2026-05-08T22:49:54-07:00,1,39
main.js,166,js,00000000,Not Committed Yet,2026-05-08,22:49:54,-07:00,2026-05-08T22:49:54-07:00,1,4
main.js,167,js,00000000,Not Committed Yet,2026-05-08,22:49:54,-07:00,2026-05-08T22:49:54-07:00,0,0
main.js,168,js,00000000,Not Committed Yet,2026-05-08,22:49:54,-07:00,2026-05-08T22:49:54-07:00,0,6
main.js,169,js,00000000,Not Committed Yet,2026-05-08,22:49:54,-07:00,2026-05-08T22:49:54-07:00,0,13
main.js,170,js,00000000,Not Committed Yet,2026-05-08,22:49:54,-07:00,2026-05-08T22:49:54-07:00,1,10
main.js,171,js,00000000,Not Committed Yet,2026-05-08,22:49:54,-07:00,2026-05-08T22:49:54-07:00,1,12
main.js,172,js,00000000,Not Committed Yet,2026-05-08,22:49:54,-07:00,2026-05-08T22:49:54-07:00,1,40
main.js,173,js,00000000,Not Committed Yet,2026-05-08,22:49:54,-07:00,2026-05-08T22:49:54-07:00,0,0
main.js,174,js,00000000,Not Committed Yet,2026-05-08,22:49:54,-07:00,2026-05-08T22:49:54-07:00,0,8
main.js,175,js,00000000,Not Committed Yet,2026-05-08,22:49:54,-07:00,2026-05-08T22:49:54-07:00,0,17
main.js,176,js,00000000,Not Committed Yet,2026-05-08,22:49:54,-07:00,2026-05-08T22:49:54-07:00,1,8
main.js,177,js,00000000,Not Committed Yet,2026-05-08,22:49:54,-07:00,2026-05-08T22:49:54-07:00,1,23
main.js,178,js,00000000,Not Committed Yet,2026-05-08,22:49:54,-07:00,2026-05-08T22:49:54-07:00,1,2
main.js,179,js,00000000,Not Committed Yet,2026-05-08,22:49:54,-07:00,2026-05-08T22:49:54-07:00,1,8
main.js,180,js,00000000,Not Committed Yet,2026-05-08,22:49:54,-07:00,2026-05-08T22:49:54-07:00,1,30
main.js,181,js,00000000,Not Committed Yet,2026-05-08,22:49:54,-07:00,2026-05-08T22:49:54-07:00,1,0
main.js,182,js,00000000,Not Committed Yet,2026-05-08,22:49:54,-07:00,2026-05-08T22:49:54-07:00,0,0
main.js,183,js,00000000,Not Committed Yet,2026-05-08,22:49:54,-07:00,2026-05-08T22:49:54-07:00,0,11
main.js,184,js,00000000,Not Committed Yet,2026-05-08,22:49:54,-07:00,2026-05-08T22:49:54-07:00,1,0
main.js,185,js,00000000,Not Committed Yet,2026-05-08,22:49:54,-07:00,2026-05-08T22:49:54-07:00,1,13
main.js,186,js,00000000,Not Committed Yet,2026-05-08,22:49:54,-07:00,2026-05-08T22:49:54-07:00,1,11
main.js,187,js,00000000,Not Committed Yet,2026-05-08,22:49:54,-07:00,2026-05-08T22:49:54-07:00,1,24
main.js,188,js,00000000,Not Committed Yet,2026-05-08,22:49:54,-07:00,2026-05-08T22:49:54-07:00,0,0
main.js,189,js,00000000,Not Committed Yet,2026-05-08,22:49:54,-07:00,2026-05-08T22:49:54-07:00,0,0
main.js,190,js,00000000,Not Committed Yet,2026-05-08,22:49:54,-07:00,2026-05-08T22:49:54-07:00,0,5
main.js,191,js,00000000,Not Committed Yet,2026-05-08,22:49:54,-07:00,2026-05-08T22:49:54-07:00,0,32
main.js,192,js,00000000,Not Committed Yet,2026-05-08,22:49:54,-07:00,2026-05-08T22:49:54-07:00,0,0
main.js,193,js,00000000,Not Committed Yet,2026-05-08,22:49:54,-07:00,2026-05-08T22:49:54-07:00,0,0
main.js,194,js,00000000,Not Committed Yet,2026-05-08,22:49:54,-07:00,2026-05-08T22:49:54-07:00,1,8
main.js,195,js,00000000,Not Committed Yet,2026-05-08,22:49:54,-07:00,2026-05-08T22:49:54-07:00,1,2
main.js,196,js,00000000,Not Committed Yet,2026-05-08,22:49:54,-07:00,2026-05-08T22:49:54-07:00,1,8
main.js,197,js,00000000,Not Committed Yet,2026-05-08,22:49:54,-07:00,2026-05-08T22:49:54-07:00,1,32
main.js,198,js,00000000,Not Committed Yet,2026-05-08,22:49:54,-07:00,2026-05-08T22:49:54-07:00,1,0
main.js,199,js,00000000,Not Committed Yet,2026-05-08,22:49:54,-07:00,2026-05-08T22:49:54-07:00,1,9
main.js,200,js,00000000,Not Committed Yet,2026-05-08,22:49:54,-07:00,2026-05-08T22:49:54-07:00,0,0
main.js,201,js,00000000,Not Committed Yet,2026-05-08,22:49:54,-07:00,2026-05-08T22:49:54-07:00,0,5
main.js,202,js,00000000,Not Committed Yet,2026-05-08,22:49:54,-07:00,2026-05-08T22:49:54-07:00,0,12
main.js,203,js,00000000,Not Committed Yet,2026-05-08,22:49:54,-07:00,2026-05-08T22:49:54-07:00,1,13
main.js,204,js,00000000,Not Committed Yet,2026-05-08,22:49:54,-07:00,2026-05-08T22:49:54-07:00,1,8
main.js,205,js,00000000,Not Committed Yet,2026-05-08,22:49:54,-07:00,2026-05-08T22:49:54-07:00,1,0
main.js,206,js,00000000,Not Committed Yet,2026-05-08,22:49:54,-07:00,2026-05-08T22:49:54-07:00,2,29
main.js,207,js,00000000,Not Committed Yet,2026-05-08,22:49:54,-07:00,2026-05-08T22:49:54-07:00,2,1
main.js,208,js,00000000,Not Committed Yet,2026-05-08,22:49:54,-07:00,2026-05-08T22:49:54-07:00,1,0
main.js,209,js,00000000,Not Committed Yet,2026-05-08,22:49:54,-07:00,2026-05-08T22:49:54-07:00,0,0
main.js,210,js,00000000,Not Committed Yet,2026-05-08,22:49:54,-07:00,2026-05-08T22:49:54-07:00,0,0
main.js,211,js,00000000,Not Committed Yet,2026-05-08,22:49:54,-07:00,2026-05-08T22:49:54-07:00,1,8
main.js,212,js,00000000,Not Committed Yet,2026-05-08,22:49:54,-07:00,2026-05-08T22:49:54-07:00,1,2
main.js,213,js,00000000,Not Committed Yet,2026-05-08,22:49:54,-07:00,2026-05-08T22:49:54-07:00,1,8
main.js,214,js,00000000,Not Committed Yet,2026-05-08,22:49:54,-07:00,2026-05-08T22:49:54-07:00,1,30
main.js,215,js,00000000,Not Committed Yet,2026-05-08,22:49:54,-07:00,2026-05-08T22:49:54-07:00,1,0
main.js,216,js,00000000,Not Committed Yet,2026-05-08,22:49:54,-07:00,2026-05-08T22:49:54-07:00,1,9
main.js,217,js,00000000,Not Committed Yet,2026-05-08,22:49:54,-07:00,2026-05-08T22:49:54-07:00,0,0
main.js,218,js,00000000,Not Committed Yet,2026-05-08,22:49:54,-07:00,2026-05-08T22:49:54-07:00,0,3
main.js,219,js,00000000,Not Committed Yet,2026-05-08,22:49:54,-07:00,2026-05-08T22:49:54-07:00,0,12
main.js,220,js,00000000,Not Committed Yet,2026-05-08,22:49:54,-07:00,2026-05-08T22:49:54-07:00,1,8
main.js,221,js,00000000,Not Committed Yet,2026-05-08,22:49:54,-07:00,2026-05-08T22:49:54-07:00,1,19
main.js,222,js,00000000,Not Committed Yet,2026-05-08,22:49:54,-07:00,2026-05-08T22:49:54-07:00,0,0
main.js,223,js,00000000,Not Committed Yet,2026-05-08,22:49:54,-07:00,2026-05-08T22:49:54-07:00,0,0
main.js,224,js,00000000,Not Committed Yet,2026-05-08,22:49:54,-07:00,2026-05-08T22:49:54-07:00,1,16
main.js,225,js,00000000,Not Committed Yet,2026-05-08,22:49:54,-07:00,2026-05-08T22:49:54-07:00,1,10
main.js,226,js,00000000,Not Committed Yet,2026-05-08,22:49:54,-07:00,2026-05-08T22:49:54-07:00,1,11
main.js,227,js,00000000,Not Committed Yet,2026-05-08,22:49:54,-07:00,2026-05-08T22:49:54-07:00,1,32
main.js,228,js,00000000,Not Committed Yet,2026-05-08,22:49:54,-07:00,2026-05-08T22:49:54-07:00,1,32
main.js,229,js,00000000,Not Committed Yet,2026-05-08,22:49:54,-07:00,2026-05-08T22:49:54-07:00,1,9
main.js,230,js,00000000,Not Committed Yet,2026-05-08,22:49:54,-07:00,2026-05-08T22:49:54-07:00,1,23
main.js,231,js,00000000,Not Committed Yet,2026-05-08,22:49:54,-07:00,2026-05-08T22:49:54-07:00,0,0
main.js,232,js,00000000,Not Committed Yet,2026-05-08,22:49:54,-07:00,2026-05-08T22:49:54-07:00,0,0
main.js,233,js,9c15fe8,Sujal Sirimilla,2026-05-07,17:54:22,-07:00,2026-05-07T17:54:22-07:00,0,24
main.js,234,js,9c15fe8,Sujal Sirimilla,2026-05-07,17:54:22,-07:00,2026-05-07T17:54:22-07:00,0,0
main.js,235,js,9c15fe8,Sujal Sirimilla,2026-05-07,17:54:22,-07:00,2026-05-07T17:54:22-07:00,0,31
main.js,236,js,9c15fe8,Sujal Sirimilla,2026-05-07,17:54:22,-07:00,2026-05-07T17:54:22-07:00,0,0
main.js,237,js,00000000,Not Committed Yet,2026-05-08,22:49:54,-07:00,2026-05-08T22:49:54-07:00,0,28
main.js,238,js,00000000,Not Committed Yet,2026-05-08,22:49:54,-07:00,2026-05-08T22:49:54-07:00,0,0
main.js,239,js,00000000,Not Committed Yet,2026-05-08,22:49:54,-07:00,2026-05-08T22:49:54-07:00,0,29
main.js,240,js,00000000,Not Committed Yet,2026-05-08,22:49:54,-07:00,2026-05-08T22:49:54-07:00,0,0
main.js,241,js,00000000,Not Committed Yet,2026-05-08,22:49:54,-07:00,2026-05-08T22:49:54-07:00,0,15
main.js,242,js,00000000,Not Committed Yet,2026-05-08,22:49:54,-07:00,2026-05-08T22:49:54-07:00,0,0
main.js,243,js,00000000,Not Committed Yet,2026-05-08,22:49:54,-07:00,2026-05-08T22:49:54-07:00,0,21
main.js,244,js,00000000,Not Committed Yet,2026-05-08,22:49:54,-07:00,2026-05-08T22:49:54-07:00,0,0
main.js,245,js,00000000,Not Committed Yet,2026-05-08,22:49:54,-07:00,2026-05-08T22:49:54-07:00,0,11
index.html,1,html,9c15fe8,Sujal Sirimilla,2026-05-07,17:54:22,-07:00,2026-05-07T17:54:22-07:00,0,11
index.html,2,html,9c15fe8,Sujal Sirimilla,2026-05-07,17:54:22,-07:00,2026-05-07T17:54:22-07:00,0,12
index.html,3,html,9c15fe8,Sujal Sirimilla,2026-05-07,17:54:22,-07:00,2026-05-07T17:54:22-07:00,0,2
index.html,4,html,9c15fe8,Sujal Sirimilla,2026-05-07,17:54:22,-07:00,2026-05-07T17:54:22-07:00,0,20
index.html,5,html,9c15fe8,Sujal Sirimilla,2026-05-07,17:54:22,-07:00,2026-05-07T17:54:22-07:00,0,68
index.html,6,html,9c15fe8,Sujal Sirimilla,2026-05-07,17:54:22,-07:00,2026-05-07T17:54:22-07:00,0,15
index.html,7,html,9c15fe8,Sujal Sirimilla,2026-05-07,17:54:22,-07:00,2026-05-07T17:54:22-07:00,0,3
index.html,8,html,9c15fe8,Sujal Sirimilla,2026-05-07,17:54:22,-07:00,2026-05-07T17:54:22-07:00,0,2
index.html,9,html,00000000,Not Committed Yet,2026-05-08,22:49:54,-07:00,2026-05-08T22:49:54-07:00,0,36
index.html,10,html,9c15fe8,Sujal Sirimilla,2026-05-07,17:54:22,-07:00,2026-05-07T17:54:22-07:00,0,0
index.html,11,html,9c15fe8,Sujal Sirimilla,2026-05-07,17:54:22,-07:00,2026-05-07T17:54:22-07:00,0,18
index.html,12,html,00000000,Not Committed Yet,2026-05-08,22:49:54,-07:00,2026-05-08T22:49:54-07:00,0,27
index.html,13,html,00000000,Not Committed Yet,2026-05-08,22:49:54,-07:00,2026-05-08T22:49:54-07:00,0,18
index.html,14,html,9c15fe8,Sujal Sirimilla,2026-05-07,17:54:22,-07:00,2026-05-07T17:54:22-07:00,0,0
index.html,15,html,9c15fe8,Sujal Sirimilla,2026-05-07,17:54:22,-07:00,2026-05-07T17:54:22-07:00,0,41
index.html,16,html,9c15fe8,Sujal Sirimilla,2026-05-07,17:54:22,-07:00,2026-05-07T17:54:22-07:00,0,3
index.html,17,html,9c15fe8,Sujal Sirimilla,2026-05-07,17:54:22,-07:00,2026-05-07T17:54:22-07:00,0,3
